Name,Title,URL,Snippet,Search Date Range
Daron Djerdjian,Obama's Alma Mater Sacks Its Only Free-Market Professor - WSJ,https://www.wsj.com/opinion/obamas-alma-mater-sacks-its-only-free-market-professor-occidental-college-0d01e92e,"Aug 12, 2024 ... Occidental College appointed Daron Djerdjian in 2010. He taught introductory economics, econometrics and Austrian economics, and his classes were popular.",2024-08-11 to 2024-10-10
Daron Djerdjian,Opinion: The lack of conservative intellectuals at Occidental hurts ...,https://theoccidentalnews.com/opinions/2024/09/25/opinion-the-lack-of-conservative-intellectuals-at-occidental-hurts-everyone/2912928,"Sep 25, 2024 ... ... Daron Djerdjian's economics class. The first time I sat in Djerdjian's class ... Founded in 1893, The Occidental is the official student-run newspaper of ...",2024-08-11 to 2024-10-10
Daron Djerdjian,Obama's alma mater under fire after conservative economics ...,https://www.foxnews.com/media/obamas-alma-mater-under-fire-after-conservative-economics-professor-let-go,"Aug 13, 2024 ... Daron Djerdjian had taught various economics classes at Occidental or ""Oxy ... Fox News Digital reached out to Djerdjian for comment, but did not hear back.",2024-08-11 to 2024-10-10
Daron Djerdjian,The Occidental,https://www.facebook.com/theoccidentalnews/?locale=uk_UA,"Sep 28, 2024 ... I'm talking about ideas like Austrian economics and free-market policies — perspectives I encountered in Professor Daron Djerdjian's economics class. The first ...",2024-08-11 to 2024-10-10
Daron Djerdjian,My Controversial Op-ed in the Wall Street Journal on Political ...,https://www.stockinvestor.com/61205/my-controversial-op-ed-in-the-wall-street-journal-on-political-diversity/,"Aug 15, 2024 ... Stock Market News · U.S. Investing. My Controversial Op-ed in the Wall Street ... Daron Djerdjian and Mark Skousen at the Obama shrine at Occidental College.",2024-08-11 to 2024-10-10
Daron Djerdjian,Larry Wilson: Where are the college students on the right? – Daily ...,https://www.dailynews.com/2024/10/05/larry-wilson-where-are-the-college-students-on-the-right/,5 days ago ... I read with interest a recent column by Occidental College ... These are “perspectives I encountered in Professor Daron Djerdjian's economics class.,2024-08-11 to 2024-10-10
Daron Djerdjian,News | Protect The 1st Foundation - Protect The 1st Foundation,https://www.protect1st.org/news,"7 days ago ... In the recent presidential debate, ABC News ... ​Daron Djerdjian is a popular economics professor at Occidental College in Los Angeles, highly rated by students ...",2024-08-11 to 2024-10-10
Daron Djerdjian,Investor CAFÉ Newsletters Archives - Mark Skousen,https://www.markskousen.com/_/publications/investor-cafe/newsletters-ic/,"Sep 19, 2024 ... ... News & Information. Back; Investment News ... Occidental College didn't renew Daron Djerdjian's contract, and colleagues suspect ideological bias.",2024-08-11 to 2024-10-10
Daron Djerdjian,Investment News & Information - Mark Skousen,https://www.markskousen.com/investment-news-information/,"Sep 26, 2024 ... Investment News & Information. Found 663 Articles ... Occidental College didn't renew Daron Djerdjian's contract, and colleagues suspect ideological bias.",2024-08-11 to 2024-10-10
Claire Cahen,Our Fellows - Climate & Community Institute,https://climateandcommunity.org/fellows/,"Sep 9, 2024 ... Claire Cahen. Fellow. Assistant Professor, Urban and Environmental Policy, Occidental College. Claire Cahen · John Stehlin. Fellow. Assistant Professor,",2024-08-11 to 2024-10-10
Claire Cahen,Occidental College - Urban and Environmental Policy,https://oxy.smartcatalogiq.com/en/2024-2025/catalog/programs-of-instruction/urban-and-environmental-policy,"Aug 14, 2024 ... News · Calendar; Quicklinks. Marketplace Menu · Student Employment · Career Services ... Claire Cahen. Assistant Professor. B.A., Pomona College; M.Phil., Ph.D ...",2024-08-11 to 2024-10-10
Claire Cahen,Faculty Index | 瓜子TV,http://www.izzzibaby.com/academics/faculty/faculty-index,"Aug 16, 2024 ... Claire Cahen. Assistant Professor, Urban & Environmental Policy. B.A., Pomona ... B.A. Occidental, Ph.D U.C.L.A.. Ar贸n Adrian Macal Montenegro. Visiting ...",2024-08-11 to 2024-10-10
Claire Cahen,(PDF) Hydrogéologie de la République Démocratique du Congo,https://www.researchgate.net/publication/332028454_Hydrogeologie_de_la_Republique_Democratique_du_Congo,"Sep 7, 2024 ... ... Occidental 8 5. Nord Kivu 6. Sud Kivu 5. Prov. Orientale 6 4. Bandundu 18 3 ... Géologie du Congo Belge. Jan 1954. L Cahen. Cahen L. 1954. Géologie du Congo ...",2024-08-11 to 2024-10-10
Claire Cahen,"Spectacles - Nancy / Meurthe et Moselle, Meuse, Vosges - n°411 ...",https://issuu.com/page-graphique/docs/2024-09-nancy-web,"Sep 15, 2024 ... 16 h - Concert Accords poétiques par Lydie Cerf (flûte traversière), Claire Cahen (comédienne) et Manon Louis (harpe). ... occidental • Art engagé, l ...",2024-08-11 to 2024-10-10
